period,symbol,origin,original_entry_ts,c19,c20,c20_gt_c19,old_R_minus_C63_bps,old_effect,first_breach_held,first_breach_available_at,R_exit_already_signaled_at_first_breach,breach_precedes_R_exit,old_R_final_held
DEV2025,1000PEPE-USDT,72ccedcefc1c9a1100503699df78052669299c76c2339500e8fcb3375dca50d6,1742832000000,0.0084935,0.0084399,False,-685.7211667085741,harm,21,1743134400000,,True,22
DEV2025,1000PEPE-USDT,bbdc9974a6a01f8de3058dfdd38d6bcb9faff066705f57df10dd1924abbc7621,1752091200000,0.0122405,0.0123095,True,-26.6909317684283,harm,21,1752393600000,MOMENTUM_NONPOSITIVE_CLOSE,False,21
DEV2025,1000PEPE-USDT,8c0185c8c43481fe7a78f4e9f2756227ec82f2250edf29fc653256c4bdf48fa3,1754568000000,0.0119703,0.0121206,True,-486.04311806627084,harm,21,1754870400000,,True,24
DEV2025,1000PEPE-USDT,0376eace956fcc54380b5ff41f18555ecebe0f9e495db632216f49a61d5243ab,1757246400000,0.0105452,0.0103816,False,24.470642504788657,help,,,,False,25
DEV2025,BCH-USDT,32e5cb06d1d75a9e6fec10cf00ba79d146e8af1da21390b99cd75ae248ce94ec,1735790400000,472.82,468.22,False,-19.382755224861654,harm,21,1736092800000,RUNNER_EMA20_LOSS_CLOSE,False,21
DEV2025,BCH-USDT,e8265295827f671b2c85924bdafc16eb6c170ca790bf847385f464441244512f,1746576000000,415.17,419.65,True,-70.11261285324849,harm,21,1746878400000,,True,25
DEV2025,BCH-USDT,129fe0f9cc231ae654da99c192d869caf85a5265b3fefb4c7663c5455abbdfdb,1752811200000,530.93,529.14,False,-187.853910669007,harm,21,1753113600000,,True,22
DEV2025,BCH-USDT,8b466dd149aab16b98eb7ffb19a85437cfb94ba265e57dfb2770785dd293ed62,1759104000000,585.43,585.53,True,80.16347675924897,help,,,,False,32
DEV2025,BTC-USDT,a11b50a1296aec72069daf35e6bba96a3f3cd592814135960eb5bd97687ff62e,1736856000000,103966.9,105786.8,True,-469.90234362051484,harm,21,1737158400000,,True,33
DEV2025,BTC-USDT,044b632be20bce15ff83aed9029df25363b59ed5906854cfe57cb2847cdca0c0,1745222400000,92584.3,93158.7,True,132.03710888796923,help,,,,False,39
DEV2025,BTC-USDT,7ed2145323019a51a3a4861d0aa36240e4237161ffdbe760fccf34034b524fd6,1752091200000,117386.1,117707.2,True,-49.56758256759633,harm,32,1752552000000,MOMENTUM_NONPOSITIVE_CLOSE,False,32
DEV2025,BTC-USDT,432c10565b92120237f89bf3c75a08d2f5d6f7b447876cd08dd95e381632a638,1757520000000,115746.1,115872.8,True,-45.96630966847292,harm,21,1757822400000,,True,27
DEV2025,ETH-USDT,1418ae41f4638ee96b0044963e1362187670675e07efdf776c5db8349245c407,1746676800000,2472.71,2529.23,True,-559.5001499786872,harm,21,1746979200000,,True,30
DEV2025,ETH-USDT,ef00bfadaa80ff2cd5b8482e4b99b5adf414c211b620f435bf1e8c1aee468152,1752004800000,2957.06,2965.43,True,-9.901852951883939,harm,21,1752307200000,,True,28
DEV2025,ETH-USDT,9795b1e70a123b8ffad2d3c8b9821ad7d09bd4f1f98cd0ee66703bb30489cb8d,1754568000000,4216.91,4248.02,True,1368.517132132289,help,24,1754913600000,,True,40
DEV2025,ETH-USDT,5628e0fdf8f0ecc08e98b61cc05dc59627ba37eb5806ef8ac32801983adf3747,1757577600000,4634.64,4582.34,False,0.0,unchanged,,,,False,20
DEV2025,HYPE-USDT,1a3547f9392e5923068856f8a018b8462c2dee9ea67b3efdbafd86a8b99a2b46,1736870400000,23.28,23.121,False,0.0,unchanged,,,,False,20
DEV2025,HYPE-USDT,dce9162b1d32e4ebd6b9f989d90fdf9c401667b2eb05ef0e0edef604870fc518,1742385600000,15.779,15.927,True,60.502231464975125,help,21,1742688000000,,True,39
DEV2025,HYPE-USDT,1cc7e77f676ee90210d64c921f983ce285b9057b5b529acac6a4b66e9c7cf811,1745913600000,20.17,21.185,True,-498.018551414222,harm,21,1746216000000,,True,33
DEV2025,HYPE-USDT,014bed25222265aed33fee95a5977b1b05b6943d16a9dcc7c2cd58d64799e093,1746619200000,24.929,25.312,True,-631.0287183795394,harm,22,1746936000000,,True,23
DEV2025,HYPE-USDT,b1517aa03e0116466014b0c2268aa1bdbff6b32f9500b311e9a918993feab9f4,1747857600000,34.82,34.344,False,495.669773270115,help,,,,False,37
DEV2025,HYPE-USDT,867d08738103785f0dcf3223b375bf9ebe1d820939c52485cb11a191a58b5024,1749470400000,42.428,41.873,False,-362.4468786745057,harm,21,1749772800000,RUNNER_EMA20_LOSS_CLOSE,False,21
DEV2025,HYPE-USDT,fa59493627b5d21e5ed20979fbc998627f6dea7db97d426b2ced270a0bd772bd,1754611200000,45.945,46.07,True,-712.6157686192992,harm,21,1754913600000,,True,24
DEV2025,LINK-USDT,0249dcd7d97f4eb04cf94db2bdb2ed20ec01136d771db5a4ec07f5c8813e02e5,1754568000000,22.487,22.131,False,-617.6809320567527,harm,21,1754870400000,,True,27
DEV2025,SOL-USDT,20ac76f3f2192ed87a68f47d8aead7e14e1df9acd7adfae1bfbab05cbb135720,1735804800000,213.884,213.516,False,-37.26140796626703,harm,21,1736107200000,MOMENTUM_NONPOSITIVE_CLOSE,False,21
DEV2025,SOL-USDT,6669c899de00d35df9df77e21bfa58ee88cc5bc82d8a9a9d736ff24e71c9dee7,1746676800000,172.575,174.728,True,-522.4712018621806,harm,21,1746979200000,,True,30
DEV2025,SOL-USDT,cac642404d2fc8a4a978c23adb56ab15ece18f9f2d11c5ac6cb2e9206499a265,1752091200000,160.632,161.145,True,89.62464227114879,help,,,,False,21
DEV2025,SOL-USDT,8f696dc1d23ea6865be7d24dc6da35fd7aa8a5adb8d9c9c038f5efbbdfaf3507,1757332800000,226.704,226.427,False,740.1552512268361,help,,,,False,40
SEEN2026,1000PEPE-USDT,4a1aad415d07394d0a4520dc5ef0459cf35d0d5bdab93da8d78e08f90faa5582,1783008000000,0.0027043,0.0027547,True,-218.3604991380007,harm,21,1783310400000,,True,22
SEEN2026,1000PEPE-USDT,52baf32d3981451819b5947990c448c5d0a4688e0df3ca67ca9462436fe6ba5f,1787155200000,0.0041386,0.0040706,False,-198.745875097522,harm,21,1787457600000,,True,28
SEEN2026,BCH-USDT,0d7e66c1bcddedcdf8148c71f221f494707c5bc3d952e24055d2962e28552063,1787184000000,272.81,267.47,False,309.7090090934639,help,,,,False,24
SEEN2026,BTC-USDT,aee1657e42546629898fc850388a0d901276043da07e0a082f0c66e073ede6a9,1786968000000,72433.2,72610.1,True,664.4698347906608,help,,,,False,40
SEEN2026,ETH-USDT,6b95444c90d058e7935e1daacd2349702a1fe2f5ff989151f2337212f8a1dd0f,1786982400000,2322.51,2326.17,True,658.4480793164394,help,,,,False,40
SEEN2026,HYPE-USDT,c84900a9a0d9946f58f9073141dee8dbda201b73e8dc8b6ea8a3c65ba3fa4673,1781496000000,71.488,70.916,False,-517.1377031271556,harm,21,1781798400000,MOMENTUM_NONPOSITIVE_CLOSE,False,21
SEEN2026,LINK-USDT,359f2c94b89c19c28fb92f1ede0fc4768801fba62364475fa45e0d9cb6a9c80f,1782993600000,7.962,8.014,True,-86.92291612228752,harm,22,1783310400000,,True,23
SEEN2026,LINK-USDT,327e7b5997c9ae8ef10d81c1b580f2d44826f113762249583029bf0ca2b013f0,1787155200000,11.741,11.65,False,-195.6655235021201,harm,21,1787457600000,,True,24
SEEN2026,SOL-USDT,acf095c0b2e840657a78df762576cdfe603fca9bf4ee2b8ceec999bc18e21790,1787068800000,90.94,93.723,True,267.6205984888725,help,23,1787400000000,,True,35
